session,date,day,tank,resident,intruder
2025-06-02_RIassay_Day1_Tank1_R1-I1_exp1,2025-06-02,1,1,R1,I1
2025-06-02_RIassay_Day1_Tank2_R2-I2_exp2,2025-06-02,1,2,R2,I2
2025-06-02_RIassay_Day1_Tank3_R3-I3_exp3,2025-06-02,1,3,R3,I3
2025-06-02_RIassay_Day1_Tank4_R4-I4_exp4,2025-06-02,1,4,R4,I4
2025-06-02_RIassay_Day1_Tank5_R5-I5_exp5,2025-06-02,1,5,R5,I5
2025-06-02_RIassay_Day1_Tank6_R6-I6_exp6,2025-06-02,1,6,R6,I6
2025-06-03_RIassay_Day2_Tank1_R1-I2_exp7,2025-06-03,2,1,R1,I2
2025-06-03_RIassay_Day2_Tank2_R2-I3_exp8,2025-06-03,2,2,R2,I3
2025-06-03_RIassay_Day2_Tank3_R3-I4_exp9,2025-06-03,2,3,R3,I4
2025-06-03_RIassay_Day2_Tank4_R4-I5_exp10,2025-06-03,2,4,R4,I5
2025-06-03_RIassay_Day2_Tank5_R5-I6_exp11,2025-06-03,2,5,R5,I6
2025-06-03_RIassay_Day2_Tank6_R6-I1_exp12,2025-06-03,2,6,R6,I1
2025-06-04_RIassay_Day3_Tank1_R1-I3_exp13,2025-06-04,3,1,R1,I3
2025-06-04_RIassay_Day3_Tank2_R2-I4_exp14,2025-06-04,3,2,R2,I4
2025-06-04_RIassay_Day3_Tank3_R3-I5_exp15,2025-06-04,3,3,R3,I5
2025-06-04_RIassay_Day3_Tank4_R4-I6_exp16,2025-06-04,3,4,R4,I6
2025-06-04_RIassay_Day3_Tank5_R5-I1_exp17,2025-06-04,3,5,R5,I1
2025-06-04_RIassay_Day3_Tank6_R6-I2_exp18,2025-06-04,3,6,R6,I2
2025-06-05_RIassay_Day4_Tank1_R1-I4_exp19,2025-06-05,4,1,R1,I4
2025-06-05_RIassay_Day4_Tank2_R2-I5_exp20,2025-06-05,4,2,R2,I5
2025-06-05_RIassay_Day4_Tank3_R3-I6_exp21,2025-06-05,4,3,R3,I6
2025-06-05_RIassay_Day4_Tank4_R4-I1_exp22,2025-06-05,4,4,R4,I1
2025-06-05_RIassay_Day4_Tank5_R5-I2_exp23,2025-06-05,4,5,R5,I2
2025-06-05_RIassay_Day4_Tank6_R6-I3_exp24,2025-06-05,4,6,R6,I3
2025-06-06_RIassay_Day5_Tank1_R1-I5_exp25,2025-06-06,5,1,R1,I5
2025-06-06_RIassay_Day5_Tank2_R2-I6_exp26,2025-06-06,5,2,R2,I6
2025-06-06_RIassay_Day5_Tank3_R3-I1_exp27,2025-06-06,5,3,R3,I1
2025-06-06_RIassay_Day5_Tank4_R4-I2_exp28,2025-06-06,5,4,R4,I2
2025-06-06_RIassay_Day5_Tank5_R5-I3_exp29,2025-06-06,5,5,R5,I3
2025-06-06_RIassay_Day5_Tank6_R6-I4_exp30,2025-06-06,5,6,R6,I4
2025-06-07_RIassay_Day6_Tank1_R1-I6_exp31,2025-06-07,6,1,R1,I6
2025-06-07_RIassay_Day6_Tank2_R2-I1_exp32,2025-06-07,6,2,R2,I1
2025-06-07_RIassay_Day6_Tank3_R3-I2_exp33,2025-06-07,6,3,R3,I2
2025-06-07_RIassay_Day6_Tank4_R4-I3_exp34,2025-06-07,6,4,R4,I3
2025-06-07_RIassay_Day6_Tank5_R5-I4_exp35,2025-06-07,6,5,R5,I4
2025-06-07_RIassay_Day6_Tank6_R6-I5_exp36,2025-06-07,6,6,R6,I5
2025-06-08_RIassay_Day7_Tank1_R1-I1_exp37,2025-06-08,7,1,R1,I1
2025-06-08_RIassay_Day7_Tank2_R2-I2_exp38,2025-06-08,7,2,R2,I2
2025-06-08_RIassay_Day7_Tank3_R3-I3_exp39,2025-06-08,7,3,R3,I3
2025-06-08_RIassay_Day7_Tank4_R4-I4_exp40,2025-06-08,7,4,R4,I4
2025-06-08_RIassay_Day7_Tank5_R5-I5_exp41,2025-06-08,7,5,R5,I5
2025-06-08_RIassay_Day7_Tank6_R6-I6_exp42,2025-06-08,7,6,R6,I6
2025-06-09_RIassay_Day8_Tank1_R1-I2_exp43,2025-06-09,8,1,R1,I2
2025-06-09_RIassay_Day8_Tank2_R2-I3_exp44,2025-06-09,8,2,R2,I3
2025-06-09_RIassay_Day8_Tank3_R3-I4_exp45,2025-06-09,8,3,R3,I4
2025-06-09_RIassay_Day8_Tank4_R4-I5_exp46,2025-06-09,8,4,R4,I5
2025-06-09_RIassay_Day8_Tank5_R5-I6_exp47,2025-06-09,8,5,R5,I6
2025-06-09_RIassay_Day8_Tank6_R6-I1_exp48,2025-06-09,8,6,R6,I1
2025-06-10_RIassay_Day9_Tank1_R1-I3_exp49,2025-06-10,9,1,R1,I3
2025-06-10_RIassay_Day9_Tank2_R2-I4_exp50,2025-06-10,9,2,R2,I4
2025-06-10_RIassay_Day9_Tank3_R3-I5_exp51,2025-06-10,9,3,R3,I5
2025-06-10_RIassay_Day9_Tank4_R4-I6_exp52,2025-06-10,9,4,R4,I6
2025-06-10_RIassay_Day9_Tank5_R5-I1_exp53,2025-06-10,9,5,R5,I1
2025-06-10_RIassay_Day9_Tank6_R6-I2_exp54,2025-06-10,9,6,R6,I2
2025-06-11_RIassay_Day10_Tank1_R1-I4_exp55,2025-06-11,10,1,R1,I4
2025-06-11_RIassay_Day10_Tank2_R2-I5_exp56,2025-06-11,10,2,R2,I5
2025-06-11_RIassay_Day10_Tank3_R3-I6_exp57,2025-06-11,10,3,R3,I6
2025-06-11_RIassay_Day10_Tank4_R4-I1_exp58,2025-06-11,10,4,R4,I1
2025-06-11_RIassay_Day10_Tank5_R5-I2_exp59,2025-06-11,10,5,R5,I2
2025-06-11_RIassay_Day10_Tank6_R6-I3_exp60,2025-06-11,10,6,R6,I3
2025-06-12_RIassay_Day11_Tank1_R1-I5_exp61,2025-06-12,11,1,R1,I5
2025-06-12_RIassay_Day11_Tank2_R2-I6_exp62,2025-06-12,11,2,R2,I6
2025-06-12_RIassay_Day11_Tank3_R3-I1_exp63,2025-06-12,11,3,R3,I1
2025-06-12_RIassay_Day11_Tank4_R4-I2_exp64,2025-06-12,11,4,R4,I2
2025-06-12_RIassay_Day11_Tank5_R5-I3_exp65,2025-06-12,11,5,R5,I3
2025-06-12_RIassay_Day11_Tank6_R6-I4_exp66,2025-06-12,11,6,R6,I4
2025-06-13_RIassay_Day12_Tank1_R1-I6_exp67,2025-06-13,12,1,R1,I6
2025-06-13_RIassay_Day12_Tank2_R2-I1_exp68,2025-06-13,12,2,R2,I1
2025-06-13_RIassay_Day12_Tank3_R3-I2_exp69,2025-06-13,12,3,R3,I2
2025-06-13_RIassay_Day12_Tank4_R4-I3_exp70,2025-06-13,12,4,R4,I3
2025-06-13_RIassay_Day12_Tank5_R5-I4_exp71,2025-06-13,12,5,R5,I4
2025-06-13_RIassay_Day12_Tank6_R6-I5_exp72,2025-06-13,12,6,R6,I5
